[
{
    "model": "deposits.depositproducts",
    "pk": 1,
    "fields": {
        "fin_prdt_cd": "WR0001B",
        "fin_prdt_nm": "WON플러스예금",
        "kor_co_nm": "우리은행",
        "etc_note": "- 가입기간: 1~36개월\n- 최소가입금액: 1만원 이상\n- 만기일을 일,월 단위로 자유롭게 선택 가능\n- 만기해지 시 신규일 당시 영업점과 인터넷 홈페이지에 고시된 계약기간별 금리 적용",
        "spcl_cnd": "해당사항 없음",
        "mtrt_int": "만기 후\n- 1개월이내 : 만기시점약정이율×50%\n- 1개월초과 6개월이내: 만기시점약정이율×30%\n- 6개월초과 : 만기시점약정이율×20%\n\n※ 만기시점 약정이율 : 일반정기예금 금리",
        "join_deny": 1,
        "join_member": "실명의 개인",
        "join_way": "인터넷,스마트폰,전화(텔레뱅킹)"
    }
},
{
    "model": "deposits.depositproducts",
    "pk": 2,
    "fields": {
        "fin_prdt_cd": "00320342",
        "fin_prdt_nm": "e-그린세이브예금",
        "kor_co_nm": "한국스탠다드차타드은행",
        "etc_note": "디지털채널 전용상품 (인터넷, 모바일뱅킹)",
        "spcl_cnd": "1.SC제일은행 최초 거래 신규고객에 대하여 우대 이율을 제공함 (보너스이율0.2%)                     2.SC제일마이백통장에서 출금하여 이 예금을 신규하는경우에 보너스이율을 제공함\n(가입기간:1년제/ 보너스이율:0.1% / 만기해약하는 경우에 한해 보너스이율을 적용함)",
        "mtrt_int": "만기 후 1개월: 약정이율의 50%\n만기 후 1개월 초과 1년 이내: 약정이율의 30%\n만기 후 1년 초과: 약정이율의 10%",
        "join_deny": 1,
        "join_member": "개인(개인사업자 포함)",
        "join_way": "인터넷,스마트폰"
    }
},
{
    "model": "deposits.depositproducts",
    "pk": 3,
    "fields": {
        "fin_prdt_cd": "10511008000996000",
        "fin_prdt_nm": "DGB주거래우대예금(첫만남고객형)",
        "kor_co_nm": "대구은행",
        "etc_note": "계좌당 가입 최저한도 : 100만원",
        "spcl_cnd": "최고우대금리 : 연0.65%p              \n - 목돈굴리기예금 최초 가입시 : 연0.20%p\n - 상품 가입 전 최근 1개월 이내 신용(체크)카드 신규 발급 : 연0.20%p\n - 상품 가입 전 최근 1개월 이내 인터넷.폰.스마트뱅킹 가입 : 연0.20%p\n * 해당 상품을 인터넷/스마트뱅킹을 통해 가입 : 연0.05%p",
        "mtrt_int": "만기 후 1개월 미만 경과 : 약정이자율 x 50%\n만기 후 3개월 미만 경과 : 약정이자율 x 25% \n만기 후 3개월 이상 경과 : 약정이자율 x 10%",
        "join_deny": 1,
        "join_member": "실명의 개인",
        "join_way": "영업점,인터넷,스마트폰"
    }
},
{
    "model": "deposits.depositproducts",
    "pk": 4,
    "fields": {
        "fin_prdt_cd": "10511008001004000",
        "fin_prdt_nm": "DGB행복파트너예금(일반형)",
        "kor_co_nm": "대구은행",
        "etc_note": "계좌당 가입 최저한도 : 100만원",
        "spcl_cnd": "최고우대금리 : 연0.45%p\n-지난달 DGB대구은행 통장으로 연금 입금 실적 보유 : 연0.10%p\n-상품 가입 전 DGB대구은행 신용(체크)카드 보유 : 연0.10%p\n-지난 3개월 예금 평잔 30만원 이상 : 연0.10%p\n-DGB행복파트너적금 동시 가입 및 만기 보유 : 연0.10%p\n*인터넷/스마트뱅킹을 통해 가입 : 연0.05%p",
        "mtrt_int": "만기 후 1개월 미만 경과 : 약정이자율 x 50%\n만기 후 3개월 미만 경과 : 약정이자율 x 25% \n만기 후 3개월 이상 경과 : 약정이자율 x 10%",
        "join_deny": 3,
        "join_member": "만50세 이상 개인",
        "join_way": "영업점,인터넷,스마트폰"
    }
},
{
    "model": "deposits.depositproducts",
    "pk": 5,
    "fields": {
        "fin_prdt_cd": "10511008001166004",
        "fin_prdt_nm": "DGB함께예금",
        "kor_co_nm": "대구은행",
        "etc_note": "계좌당 가입 최저한도 : 100만원",
        "spcl_cnd": "최고우대금리 : 연0.45%p\n-전월 총 수신 평잔실적 또는 상품 가입 전 첫만남플러스 통장 보유시\n-DGB대구은행 주택청약상품보유\n-신규일 \"DGB함께적금\" 동시 가입 및 만기 보유\n-DGB대구은행 오픈뱅킹서비스에 다른 은행 계좌 등록시 \n각 연0.10%p\n*인터넷/스마트뱅킹을 통해 가입 시 : 연0.05%p",
        "mtrt_int": "만기 후 1개월 미만 경과 : 약정이자율 x 50%\n만기 후 3개월 미만 경과 : 약정이자율 x 25% \n만기 후 3개월 이상 경과 : 약정이자율 x 10%",
        "join_deny": 1,
        "join_member": "실명의 개인 및 개인사업자",
        "join_way": "영업점,인터넷,스마트폰"
    }
},
{
    "model": "deposits.depositproducts",
    "pk": 6,
    "fields": {
        "fin_prdt_cd": "10511008001278000",
        "fin_prdt_nm": "IM스마트예금",
        "kor_co_nm": "대구은행",
        "etc_note": "계좌당 가입 최저한도 : 100만원",
        "spcl_cnd": "최고우대금리 : 연0.25%p\n- 가입일(재예치일)로부터 3개월이내 아래 1가지 이상 요건 충족시\n① DGB대구은행 주택청약종합저축 보유\n② DGB대구은행 신용(체크)카드 결제실적 보유(결제금액 출금기준)\n* 해당 상품을 인터넷/스마트뱅크를 통해 가입 : 연0.05%p",
        "mtrt_int": "만기 후 1개월 미만 경과 : 약정이자율 x 50%\n만기 후 3개월 미만 경과 : 약정이자율 x 25% \n만기 후 3개월 이상 경과 : 약정이자율 x 10%",
        "join_deny": 1,
        "join_member": "실명의 개인",
        "join_way": "인터넷,스마트폰"
    }
},
{
    "model": "deposits.depositproducts",
    "pk": 7,
    "fields": {
        "fin_prdt_cd": "01030500510002",
        "fin_prdt_nm": "LIVE정기예금",
        "kor_co_nm": "부산은행",
        "etc_note": "1. 가입금액 :\n   1천만원 이상\n2. 가입기간 : \n1개월 이상 60개월 이하(일단위)\n3. 월이자지급식/만기일시지급식",
        "spcl_cnd": "*해당사항없음",
        "mtrt_int": "- 만기후1년내: 가입기간별 일반정기예금이율 x 50%,\n- 만기후1년초과:가입기간별 일반정기예금이율 x 20%",
        "join_deny": 1,
        "join_member": "제한없음",
        "join_way": "영업점,인터넷"
    }
},
{
    "model": "deposits.depositproducts",
    "pk": 8,
    "fields": {
        "fin_prdt_cd": "01030500560002",
        "fin_prdt_nm": "더(The) 특판 정기예금",
        "kor_co_nm": "부산은행",
        "etc_note": "1. 가입금액 : 1백만원 이상 제한없음 (원단위)\n2. 가입기간 : 1개월, 3개월, 6개월, 1년, 2년, 3년\n3. 이자지급방식 : 만기일시지급식",
        "spcl_cnd": "* 우대이율(최대 0.40%p)\n가. 모바일뱅킹 금융정보 및 혜택알림 동의 우대이율 : 0.10%p\n나. 이벤트 우대이율 : 최대 0.30%p \n① 더(The) 특판 정기예금 신규고객 우대이율 : 0.30%p\n② 가입금액 1.5억원 이상 가입시 : 0.15%p\n※ 단,①과 ②의 우대이율은 중복 불가(중복 시, ①의 우대이율 적용)",
        "mtrt_int": "- 만기후1년내: 가입기간별 일반정기예금이율 x 50%,\n- 만기후1년초과:가입기간별 일반정기예금이율 x 20%",
        "join_deny": 1,
        "join_member": "실명의 개인",
        "join_way": "인터넷,스마트폰"
    }
},
{
    "model": "deposits.depositproducts",
    "pk": 9,
    "fields": {
        "fin_prdt_cd": "01030500600002",
        "fin_prdt_nm": "더(The) 레벨업 정기예금",
        "kor_co_nm": "부산은행",
        "etc_note": "1. 가입금액 : 1백만원 이상 제한없음 (원단위)\n2. 가입기간 : 6개월, 1년\n3. 이자지급방식 : 만기일시지급식",
        "spcl_cnd": "*우대이율(최대 0.40%p)\n가. 모바일뱅킹 금융정보 및 혜택알림 동의 우대이율 : 0.10%p\n나. 이벤트 우대이율 : 최대 0.30%p\n① 비대면 정기예금 재예치 우대이율  : 0.30%\n② 거래실적 우대이율  : 최대 0.30%p\n※ 단,①과 ②의 우대이율은 중복 불가",
        "mtrt_int": "- 만기후1년내: 가입기간별 일반정기예금이율 x 50%,\n- 만기후1년초과:가입기간별 일반정기예금이율 x 20%",
        "join_deny": 1,
        "join_member": "제한없음",
        "join_way": "스마트폰"
    }
},
{
    "model": "deposits.depositproducts",
    "pk": 10,
    "fields": {
        "fin_prdt_cd": "TD11300027000",
        "fin_prdt_nm": "미즈월복리정기예금",
        "kor_co_nm": "광주은행",
        "etc_note": "1. 가입기간 : 1년이상 3년제\n2. 가입금액 : 5백만원이상 최고 50백만원",
        "spcl_cnd": "▶ 최고우대금리 0.2% \n ① 요구불평잔 : 0.2% -300만원이상 0.1%, 500만원이상 0.2%\n ② 신용(체크)카드결제실적 : 0.1% -전월결제금 300만원이상 0.05%, 500만원이상 0.1%",
        "mtrt_int": "*만기후 1개월 이내: 만기일 당시 최초 가입 기간별 일반정기예금 고시금리의 1/2 \n*만기후 1개월 초과: 0.01%",
        "join_deny": 1,
        "join_member": "만18세이상 여성으로 실명의 개인 및 개인사업자",
        "join_way": "영업점,인터넷,스마트폰,기타"
    }
},
{
    "model": "deposits.depositproducts",
    "pk": 11,
    "fields": {
        "fin_prdt_cd": "TD11300031000",
        "fin_prdt_nm": "스마트모아Dream정기예금",
        "kor_co_nm": "광주은행",
        "etc_note": "1. 가입기간 : 1개월이상 3년제\n2. 최소가입금액 : 100만원이상",
        "spcl_cnd": "▶ 1천만원 이상 가입시 최대 0.2%우대",
        "mtrt_int": "*만기후 1개월 이내: 만기일 당시 최초 가입 기간별 일반정기예금 고시금리의 1/2 \n*만기후 1개월 초과: 0.01%",
        "join_deny": 1,
        "join_member": "개인 및 개인사업자",
        "join_way": "인터넷,스마트폰"
    }
},
{
    "model": "deposits.depositproducts",
    "pk": 12,
    "fields": {
        "fin_prdt_cd": "TD11300035000",
        "fin_prdt_nm": "굿스타트예금",
        "kor_co_nm": "광주은행",
        "etc_note": "1. 가입기간 : 1년제\n2. 가입금액 : 1백만원이상 최고 1억원(1인1계좌)",
        "spcl_cnd": "▶ 최고우대금리 0.5% \n ① 첫예금거래 : 0.4% -최근1년동안 정기예금 계좌 신규 또는 해지이력이 없는경우\n ② 개인(신용)정보 수집이용동의 : 0.1% -만기일전일까지 유지시\n▶ 이벤트금리 0.1% -이벤트 기간동안 가입 후 만기 해지시\n ※ 이벤트기간:23.10.19~23.12.29",
        "mtrt_int": "*만기후 1개월 이내: 만기일 당시 최초 가입 기간별 일반정기예금 고시금리의 1/2 \n*만기후 1개월 초과: 0.01%",
        "join_deny": 1,
        "join_member": "개인 및 개인사업자",
        "join_way": "스마트폰"
    }
},
{
    "model": "deposits.depositproducts",
    "pk": 13,
    "fields": {
        "fin_prdt_cd": "TD11300036000",
        "fin_prdt_nm": "The플러스예금",
        "kor_co_nm": "광주은행",
        "etc_note": "1. 가입기간 : 3개월,6개월,1년제\n2. 가입금액 : 10백만원이상 고객당 10억원한도",
        "spcl_cnd": "해당사항 없음",
        "mtrt_int": "*만기후 1개월 이내: 만기일 당시 최초 가입 기간별 일반정기예금 고시금리의 1/2 \n*만기후 1개월 초과: 0.01%",
        "join_deny": 1,
        "join_member": "개인 및 법인(단,국가 지자체 및 금융기관 제외)",
        "join_way": "영업점,스마트폰"
    }
},
{
    "model": "deposits.depositproducts",
    "pk": 14,
    "fields": {
        "fin_prdt_cd": "200000301",
        "fin_prdt_nm": "제주Dream\n정기예금\n(개인/만기\n지급식)",
        "kor_co_nm": "제주은행",
        "etc_note": "가입금액 : 1백만원 이상",
        "spcl_cnd": "최고 연 0.1%p(항목별 0.1%p)\n①급여이체\n②적립식예금 잔액 10만원 이상 보유\n③탑스, 주거래 고객\n④결제계좌(가맹점) 전월 입금액 10만원 이상 \n⑤비과세종합저축 대상 고객\n⑥다자녀(3인이상 자녀)가정\n⑦탐나는 J연금통장 가입고객\n⑧국민연금안심통장 가입고객\n⑨공무원연금안심통장 가입고객",
        "mtrt_int": "- 만기후 1개월 이내 : (일반)정기예금 기본이자율의 50%\n(단, 최저금리 0.1%)\n- 만기후 1개월 초과 3개월 이내 : (일반)정기예금 기본이자율의 25%\n(단, 최저금리 0.1%)\n- 만기후 3개월 초과 : 0.1%",
        "join_deny": 1,
        "join_member": "제한없음",
        "join_way": "영업점"
    }
},
{
    "model": "deposits.depositproducts",
    "pk": 15,
    "fields": {
        "fin_prdt_cd": "200000303",
        "fin_prdt_nm": "J정기예금\n(만기지급식)",
        "kor_co_nm": "제주은행",
        "etc_note": "가입금액 : 30만원 이상",
        "spcl_cnd": "- 아래의 우대요건 충족시 최고 0.1%p 추가 우대 \n①비대면 채널 가입시 0.3%제공(신규시제공)  \n(단, 이벤트시 디지털 채널에 고시한 우대금리를 추가 적용할 수 있음)\n②신규일로부터 만기달 제외한 계약기간의 1/2이상 매월 Jbank로그인 시 0.2%제공(만기시제공)",
        "mtrt_int": "- 만기후 1개월 이내 : (일반)정기예금 기본이자율의 50%\n(단, 최저금리 0.1%)\n- 만기후 1개월 초과 3개월 이내 : (일반)정기예금 기본이자율의 25%\n(단, 최저금리 0.1%)\n- 만기후 3개월 초과 : 0.1%",
        "join_deny": 1,
        "join_member": "실명의 \n개인 및 \n개인사업자",
        "join_way": "인터넷,스마트폰"
    }
},
{
    "model": "deposits.depositproducts",
    "pk": 16,
    "fields": {
        "fin_prdt_cd": "10-01-20-024-0046-0000",
        "fin_prdt_nm": "JB 다이렉트예금통장\n(만기일시지급식)",
        "kor_co_nm": "전북은행",
        "etc_note": "가입금액 1계좌당 1백만원이상 10억원이하,\n1인당  총 10억원 이하,\n인터넷/스마트폰뱅킹 가입상품",
        "spcl_cnd": "우대조건\n없음",
        "mtrt_int": "만기후 1개월 이하 : 만기일 현재 계약기간별 정기예금 실행이율 1/2\n만기후 1개월 초과 : 연 0.01%",
        "join_deny": 1,
        "join_member": "실명의 개인(임의단체 제외)",
        "join_way": "인터넷,스마트폰"
    }
},
{
    "model": "deposits.depositproducts",
    "pk": 17,
    "fields": {
        "fin_prdt_cd": "10-01-20-024-0059-0000",
        "fin_prdt_nm": "JB 123 정기예금\n (만기일시지급식)",
        "kor_co_nm": "전북은행",
        "etc_note": "예금의 신규 : 인터넷뱅킹, 모바일뱅킹, 모바일웹, BDT\n예금의 해지 : 인터넷뱅킹, 모바일뱅킹, 영업점\n가입금액 최저 1백만원이상 고객별 5억원 이사 (다만 자동재예치시 이자 원가로 인한 5억원 초과는 가능), 계좌수 관계없이 가입가능",
        "spcl_cnd": "자동재예치 우대이율\n1회차 0.1%,\n2회차 0.2%,\n3회차 0.3%",
        "mtrt_int": "만기후 1개월 이하 : 만기일 현재 계약기간별 정기예금 실행이율 1/2\n만기후 1개월 초과 : 연 0.01%",
        "join_deny": 1,
        "join_member": "실명의 개인 또는 개인사업자 (1인 다계좌 가입 가능함)",
        "join_way": "인터넷,스마트폰"
    }
},
{
    "model": "deposits.depositproducts",
    "pk": 18,
    "fields": {
        "fin_prdt_cd": "21001115",
        "fin_prdt_nm": "BNK더조은정기예금",
        "kor_co_nm": "경남은행",
        "etc_note": "1. 이 예금의 계약기간은 3개월 이상 2년 이내 월단위로 한다.\n2. 가입금액은 1인당 최소 100만원 이상 5억원 이하이다.",
        "spcl_cnd": "①가입금액 20백만원 이상인 경우 0.20%\n②이 예금 신규시 금리우대쿠폰 등록할 경우 0.20%\n③ 경남은행 오픈뱅킹 서비스에 가입되어 있는 경우(만기시까지 해당서비스 유지하는 경우) 0.10%",
        "mtrt_int": "만기 후 1개월 이내: 일반정기예금 기본이율 Ⅹ50%\n만기 후 1개월 초과: 일반정기예금 기본이율 Ⅹ20%",
        "join_deny": 1,
        "join_member": "거래대상자는 제한을 두지 아니한다. 다만, 국가 및 지방자치단체는 이 예금을 거래할 수 없다.",
        "join_way": "인터넷,스마트폰"
    }
},
{
    "model": "deposits.depositproducts",
    "pk": 19,
    "fields": {
        "fin_prdt_cd": "21001203",
        "fin_prdt_nm": "BNK주거래우대정기예금",
        "kor_co_nm": "경남은행",
        "etc_note": "1. 이 예금의 계약기간은 6개월, 1년, 2년으로 한다.\n2. 가입좌수 제한없으며 가입금액은 최소 1백만원 이상 최고 5억원 이하이다.",
        "spcl_cnd": "①급여,연금,가맹점대금 중 한 종류 입금할 경우 0.10%\n②당행 신용/체크카드 결제실적 보유할 경우 0.10%\n③가입일 기준 6개월이내 당행 정기예금 미보유 신규 고객인 경우 0.10%",
        "mtrt_int": "만기 후 1개월 이내: 일반정기예금 기본이율 Ⅹ50%\n만기 후 1개월 초과: 일반정기예금 기본이율 Ⅹ20%",
        "join_deny": 1,
        "join_member": "개인 및 개인사업자",
        "join_way": "인터넷,스마트폰"
    }
},
{
    "model": "deposits.depositproducts",
    "pk": 20,
    "fields": {
        "fin_prdt_cd": "01211310121",
        "fin_prdt_nm": "IBK평생한가족통장(실세금리정기예금)",
        "kor_co_nm": "중소기업은행",
        "etc_note": "계좌 수 제한 없으며, 최소 1백만원 이상 통합한도 1억원 이내 가입 가능",
        "spcl_cnd": "최고 연 0.20%p\n\n-고객별 우대 : 최고 연 0.05%p\n 1. 최초신규고객 : 연 0.05%p\n 2. 재예치고객 : 연 0.05%p\n 3. 장기거래고객 : 연 0.05%p\n\n-주거래우대 : 연 0.15%p",
        "mtrt_int": "만기일 당시 정기예금 만기후 이자율 적용 -1개월 이내: 만기일 당시 계약기간별 고시금리×50% -1월 초과 6개월 이내: 만기일 당시 계약기간별 고시금리×30% -6개월 초과: 만기일 당시 계약기간별 고시금리×20%",
        "join_deny": 1,
        "join_member": "실명의 개인\n(개인사업자 제외)",
        "join_way": "영업점,인터넷,스마트폰"
    }
},
{
    "model": "deposits.depositproducts",
    "pk": 21,
    "fields": {
        "fin_prdt_cd": "01211310127",
        "fin_prdt_nm": "i-ONE놀이터예금",
        "kor_co_nm": "중소기업은행",
        "etc_note": "계좌 수 제한 없으며, 최소 1백만원 이상\n통합한도 3천만원 이내 가입 가능",
        "spcl_cnd": "- i-ONE BANK(개인)을 통해 수행한 미션 스탬프 수에 따라 최고 연 0.30%p 우대\n1. 스탬프 2~4개 적립 : 연 0.1%p\n2. 스탬프 5~9개 적립 : 연 0.2%p\n3. 스탬프 10개 적립 : 연 0.3%p",
        "mtrt_int": "만기일 당시 정기예금 만기후 이자율 적용 -1개월 이내: 만기일 당시 계약기간별 고시금리×50% -1월 초과 6개월 이내: 만기일 당시 계약기간별 고시금리×30% -6개월 초과: 만기일 당시 계약기간별 고시금리×20%",
        "join_deny": 1,
        "join_member": "실명의 개인\n(개인사업자 제외)",
        "join_way": "인터넷,스마트폰"
    }
},
{
    "model": "deposits.depositproducts",
    "pk": 22,
    "fields": {
        "fin_prdt_cd": "01211310130",
        "fin_prdt_nm": "1석7조통장(정기예금)",
        "kor_co_nm": "중소기업은행",
        "etc_note": "계좌 수 제한 없으며, 최소 1백만원 이상 납입한도 제한 없음",
        "spcl_cnd": "없음",
        "mtrt_int": "만기일 당시 정기예금 만기후 이자율 적용 -1개월 이내: 만기일 당시 계약기간별 고시금리×50% -1월 초과 6개월 이내: 만기일 당시 계약기간별 고시금리×30% -6개월 초과: 만기일 당시 계약기간별 고시금리×20%",
        "join_deny": 1,
        "join_member": "실명의 개인\n(개인사업자 제외)",
        "join_way": "인터넷,스마트폰"
    }
},
{
    "model": "deposits.depositproducts",
    "pk": 23,
    "fields": {
        "fin_prdt_cd": "05100",
        "fin_prdt_nm": "정기예금",
        "kor_co_nm": "한국산업은행",
        "etc_note": "해당없음",
        "spcl_cnd": "해당없음",
        "mtrt_int": "지급일 현재 고시된 이 예금의 만기후 이율",
        "join_deny": 1,
        "join_member": "제한없음",
        "join_way": "영업점,인터넷"
    }
},
{
    "model": "deposits.depositproducts",
    "pk": 24,
    "fields": {
        "fin_prdt_cd": "06492",
        "fin_prdt_nm": "KDB 정기예금",
        "kor_co_nm": "한국산업은행",
        "etc_note": "해당없음",
        "spcl_cnd": "해당없음",
        "mtrt_int": "* 만기후 1년 이내 :\n 만기일 현재 고시된 일반 정기예금 해당기간 기본이자율의 1/2\n* 만기후 1년 초과 :\n만기일 현재 고시된 보통예금 이자율",
        "join_deny": 1,
        "join_member": "제한없음",
        "join_way": "영업점,인터넷,스마트폰"
    }
},
{
    "model": "deposits.depositproducts",
    "pk": 25,
    "fields": {
        "fin_prdt_cd": "010300100335",
        "fin_prdt_nm": "KB Star 정기예금",
        "kor_co_nm": "국민은행",
        "etc_note": "- 가입금액 : 1백만원 이상",
        "spcl_cnd": "해당무",
        "mtrt_int": "- 1개월 이내 : 기본이율 X 50%\n- 1개월 초과  ~ 3개월 이내 : 기본이율 X 30%\n- 3개월 초과 : 0.1%",
        "join_deny": 1,
        "join_member": "실명의 개인 또는 개인사업자",
        "join_way": "인터넷,스마트폰"
    }
},
{
    "model": "deposits.depositproducts",
    "pk": 26,
    "fields": {
        "fin_prdt_cd": "200-0135-12",
        "fin_prdt_nm": "쏠편한 정기예금",
        "kor_co_nm": "신한은행",
        "etc_note": "1. 가입한도 :\n 1만원 이상",
        "spcl_cnd": "해당사항없음",
        "mtrt_int": "-1개월 이하: (일반) 정기예금 기본금리 1/2\n(단, 최저금리 0.10%)\n-1개월 초과~6개월 이하: (일반) 정기예금 기본금리의 1/4\n(단, 최저금리 0.10%)\n-6개월 초과:  0.10%",
        "join_deny": 1,
        "join_member": "만14세이상 개인고객",
        "join_way": "인터넷,스마트폰"
    }
},
{
    "model": "deposits.depositproducts",
    "pk": 27,
    "fields": {
        "fin_prdt_cd": "10-003-1225-0001",
        "fin_prdt_nm": "NH왈츠회전예금 II",
        "kor_co_nm": "농협은행주식회사",
        "etc_note": "※ 기본금리 및 최고 우대금리 항목은 가입기간이 아닌 ‘회전주기’기간별 금리를 공시\n - 회전주기는 1개월 이상 12개월 이내 월단위로 선택 가능\n※ 전월취급평균금리는 본 홈페이지에 공시되지 않는 회전기간 6개월 미만의 계좌들도 포함하여 산출하기 때문에 회전기간별로 공시된 기본금리보다 낮게 보여질 수 있음",
        "spcl_cnd": "1. 급여이체실적(50만원 이상)이 있는 경우 : 0.1%p\n2. 트리플 회전 우대이율 :  4회전기간부터 0.1%p",
        "mtrt_int": "만기 후 3개월 : 기본금리의 50%\n만기 후 6개월 : 기본금리의 20%\n만기 후 6개월 초과 : 기본금리의 10%\n\n* 기본금리 : 만기시점의 일반정기예금 계약기간별 금리",
        "join_deny": 1,
        "join_member": "개인",
        "join_way": "영업점,인터넷,스마트폰"
    }
},
{
    "model": "deposits.depositproducts",
    "pk": 28,
    "fields": {
        "fin_prdt_cd": "10-003-1381-0001",
        "fin_prdt_nm": "NH내가Green초록세상예금",
        "kor_co_nm": "농협은행주식회사",
        "etc_note": "1. 300만원이상 가입\n2. 온실가스 줄이기 실천서약서 동의시 가입가능\n3. 신규가입 계좌당 2천원씩 녹색환경기금 적립\n※ 자세한 사항은 상품설명서 참조",
        "spcl_cnd": "※ 우대금리 최대한도 : 0.4%p(연%, 세전)\n1. 온실가스 줄이기 실천서약서 동의 : 0.1%p\n2. 통장미발급 : 0.1%p\n3. 손하나로인증 서비스 등록 : 0.1%p\n4. NH내가Green초록세상적금 동시 보유 : 0.1%p",
        "mtrt_int": "만기 후 3개월 : 기본금리의 50%\n만기 후 6개월 : 기본금리의 20%\n만기 후  6개월 초과 : 기본금리의 10%\n\n* 기본금리 : 만기시점의 일반정기예금 계약기간별 금리",
        "join_deny": 1,
        "join_member": "개인",
        "join_way": "영업점,인터넷,스마트폰"
    }
},
{
    "model": "deposits.depositproducts",
    "pk": 29,
    "fields": {
        "fin_prdt_cd": "10-003-1384-0001",
        "fin_prdt_nm": "NH올원e예금",
        "kor_co_nm": "농협은행주식회사",
        "etc_note": "1. 10만원 이상 10억원 이내 가입",
        "spcl_cnd": "12개월 가입 시, 특별우대금리 0.1%p",
        "mtrt_int": "만기 후 3개월 : 기본금리의 50%\n만기 후 6개월 : 기본금리의 20%\n만기 후  6개월 초과 : 기본금리의 10%\n\n* 기본금리 : 만기시점의 큰만족실세예금 계약기간별 금리",
        "join_deny": 1,
        "join_member": "개인",
        "join_way": "인터넷,스마트폰"
    }
},
{
    "model": "deposits.depositproducts",
    "pk": 30,
    "fields": {
        "fin_prdt_cd": "10-003-1387-0001",
        "fin_prdt_nm": "NH고향사랑기부예금",
        "kor_co_nm": "농협은행주식회사",
        "etc_note": "1. 100만원 이상 가입\n2. 고향사랑기부금 우대금리는 농협은행/농축협 영업점 또는 고향사랑e음 홈페이지를 통한 고향사랑기부금 납부실적이 확인되는 경우 제공\n3. 연간 판매액의 0.1% 공익기금 적립\n\n※ 법인고객도 가입가능(자세한 사항은 상품설명서 참조)",
        "spcl_cnd": "1. 고향사랑기부금 납부고객 우대 : 0.5%p\n\n2-1. 만65세 이상 고령자 우대 : 0.1%p\n2-2. 만 19~34세 MZ고객 우대 : 0.1%p\n \n3. 고향사랑 특별금리 : 0.1%p (금리시장상황에 따라 변동 가능)\n - 고향사랑 특별금리는 상품 가입고객 모두에게 적용",
        "mtrt_int": "만기 후 3개월 : 기본금리의 50%\n만기 후 6개월 : 기본금리의 20%\n만기 후  6개월 초과 : 기본금리의 10%\n\n* 기본금리 : 만기시점의 큰만족실세예금 계약기간별 금리",
        "join_deny": 1,
        "join_member": "개인",
        "join_way": "영업점,인터넷,스마트폰"
    }
},
{
    "model": "deposits.depositproducts",
    "pk": 31,
    "fields": {
        "fin_prdt_cd": "4",
        "fin_prdt_nm": "하나의정기예금",
        "kor_co_nm": "하나은행",
        "etc_note": "1. 가입금액: 1백만원이상\n2. 1인 최대가입한도 : 제한 없음",
        "spcl_cnd": "해당사항없음",
        "mtrt_int": "1개월이내 : 지급당시 해당기간 일반정기예금 월이자지급식 기본금리 1/2\n1개월초과 : 지급당시 해당기간 일반정기예금 월이자지급식 기본금리 1/4",
        "join_deny": 1,
        "join_member": "실명의 개인 또는 개인사업자",
        "join_way": "스마트폰"
    }
},
{
    "model": "deposits.depositproducts",
    "pk": 32,
    "fields": {
        "fin_prdt_cd": "01013000110000000001",
        "fin_prdt_nm": "코드K 정기예금",
        "kor_co_nm": "주식회사 케이뱅크",
        "etc_note": "가입금액 : 1백만원 이상\n가입기간 : 1개월~36개월",
        "spcl_cnd": "우대조건 없음",
        "mtrt_int": "만기 후 \n- 1개월 이내 : 만기시점 기본금리 X 50%\n- 1개월 초과~6개월 이내 : 만기시점 기본금리 X 30%\n- 6개월 초과 : 연 0.20%",
        "join_deny": 1,
        "join_member": "만 17세 이상 실명의 개인 및 개인사업자",
        "join_way": "스마트폰"
    }
},
{
    "model": "deposits.depositproducts",
    "pk": 33,
    "fields": {
        "fin_prdt_cd": "10120110400011",
        "fin_prdt_nm": "Sh평생주거래우대예금\n(만기일시지급식)",
        "kor_co_nm": "수협은행",
        "etc_note": "- 1인 1계좌\n- 최저 100만원 이상",
        "spcl_cnd": "* 최대우대금리 : 0.4%\n1. 거래고객우대금리 : 최대0.1% (신규시) \n -최초예적금고객/재예치/장기거래 각 0.05% \n2. 거래실적우대금리 : 최대0.3% (만기시)\n -급여,연금이체등/수협카드결제/공과금이체등 각0.1%\n※단위:연%p",
        "mtrt_int": "* 만기후 1년 이내\n - 만기당시 일반정기예금(월이자지급식) 계약기간별 기본금리 1/2\n* 만기후 1년 초과\n - 만기당시 보통예금 기본금리",
        "join_deny": 1,
        "join_member": "실명의 개인",
        "join_way": "영업점"
    }
},
{
    "model": "deposits.depositproducts",
    "pk": 34,
    "fields": {
        "fin_prdt_cd": "10120114300011",
        "fin_prdt_nm": "Sh해양플라스틱Zero!예금\n(만기일시지급식)",
        "kor_co_nm": "수협은행",
        "etc_note": "- 1인 다계좌 가능. \n  단,  합산금액 5억원 이내 \n- 최저 100만원 이상",
        "spcl_cnd": "* 최대우대금리:0.35%\n1. 해양플라스틱감축서약 : 0.1% (신규시) \n2. 봉사활동 또는 상품홍보 : 0.15% (만기시) \n3. 입출금통장 최초신규 : 0.1% (만기시)\n4. 자동이체 출금실적 : 0.1% (만기시)\n - 수협신용카드 / 당행 펀드 또는 적금 / 수협체크카드\n※단위:연%p",
        "mtrt_int": "* 만기후 1년 이내\n - 만기당시 일반정기예금(월이자지급식) 계약기간별 기본금리 1/2\n* 만기후 1년 초과\n - 만기당시 보통예금 기본금리",
        "join_deny": 1,
        "join_member": "실명의 개인",
        "join_way": "영업점,인터넷,스마트폰"
    }
},
{
    "model": "deposits.depositproducts",
    "pk": 35,
    "fields": {
        "fin_prdt_cd": "10120114700011",
        "fin_prdt_nm": "헤이(Hey)정기예금",
        "kor_co_nm": "수협은행",
        "etc_note": "-1인 다계좌 가능.\n 단, 합산금액 최대 2억원 이내\n-최저 10만원 이상",
        "spcl_cnd": "없음",
        "mtrt_int": "* 만기후 1년 이내\n - 만기당시 일반정기예금(월이자지급식 기준) 계약기간별 기본금리 1/2\n* 만기후 1년 초과\n - 만기당시 보통예금 기본금리",
        "join_deny": 1,
        "join_member": "실명의 개인",
        "join_way": "인터넷,스마트폰"
    }
},
{
    "model": "deposits.depositproducts",
    "pk": 36,
    "fields": {
        "fin_prdt_cd": "10120116100011",
        "fin_prdt_nm": "Sh첫만남우대예금",
        "kor_co_nm": "수협은행",
        "etc_note": "-1인 1계좌\n-최저 100만원 이상",
        "spcl_cnd": "* 최대우대금리:1.05%\n1. 첫거래우대 : 1.0% (신규시) \n  - 최근 1년간 수협은행 예적금 활동계좌 미보유 고객포함\n2. 마케팅전체동의 : 0.05%(신규시) \n3. 스마트폰뱅킹의 상품알리기 : 0.80%(만기시)\n※단위:연%p",
        "mtrt_int": "* 만기후 1년 이내\n - 만기당시 일반정기예금(월이자지급식 기준) 계약기간별 기본금리 1/2\n* 만기후 1년 초과\n - 만기당시 보통예금 기본금리",
        "join_deny": 1,
        "join_member": "실명의 개인",
        "join_way": "인터넷,스마트폰"
    }
},
{
    "model": "deposits.depositproducts",
    "pk": 37,
    "fields": {
        "fin_prdt_cd": "10-01-20-388-0002",
        "fin_prdt_nm": "카카오뱅크 정기예금",
        "kor_co_nm": "주식회사 카카오뱅크",
        "etc_note": "1. 가입방법 : 스마트폰\n2. 가입금액 : 100만원 이상(원단위)\n3. 가입기간 : 1개월 이상 ~ 36개월 이하(월, 일단위 지정 가능)",
        "spcl_cnd": "※복잡한 우대조건 없이 가입가능한 정기예금",
        "mtrt_int": "- 만기 후 1개월 이내 : 가입(또는 자동연장)시점 기본금리x50%\n- 만기 후 1개월초과 3개월 이내 : 가입(또는 자동연장)시점 기본금리x30%\n- 만기 후 3개월 초과 : 0.20%",
        "join_deny": 1,
        "join_member": "만 17세 이상의 실명의 개인",
        "join_way": "스마트폰"
    }
},
{
    "model": "deposits.depositproducts",
    "pk": 38,
    "fields": {
        "fin_prdt_cd": "1001202000002",
        "fin_prdt_nm": "토스뱅크 먼저 이자 받는 정기예금",
        "kor_co_nm": "토스뱅크 주식회사",
        "etc_note": "· 계약기간 : 3개월, 6개월 \n· 가입금액 : 최소 1백만원 최대 10억원",
        "spcl_cnd": "우대조건 없음",
        "mtrt_int": "· 만기 후 1개월 이내 : 만기시점 기본금리 X 50% \n· 만기 후 1개월 초과 3개월 이내 : 만기시점 기본금리 X 20% \n· 만기 후 3개월 초과 : 연 0.10%",
        "join_deny": 1,
        "join_member": "토스뱅크 통장 또는 토스뱅크 서브 통장을 보유한 만 17세 이상 실명의 개인",
        "join_way": "스마트폰"
    }
}
]
