[
{
    "model": "deposits.savingoptions",
    "pk": 1,
    "fields": {
        "product": 1,
        "fin_prdt_cd": "WR0001F",
        "intr_rate_type_nm": "단리",
        "save_trm": 12,
        "intr_rate": 2.75,
        "intr_rate2": 4.65
    }
},
{
    "model": "deposits.savingoptions",
    "pk": 2,
    "fields": {
        "product": 1,
        "fin_prdt_cd": "WR0001F",
        "intr_rate_type_nm": "단리",
        "save_trm": 24,
        "intr_rate": 2.8,
        "intr_rate2": 4.7
    }
},
{
    "model": "deposits.savingoptions",
    "pk": 3,
    "fields": {
        "product": 1,
        "fin_prdt_cd": "WR0001F",
        "intr_rate_type_nm": "단리",
        "save_trm": 36,
        "intr_rate": 2.85,
        "intr_rate2": 4.75
    }
},
{
    "model": "deposits.savingoptions",
    "pk": 4,
    "fields": {
        "product": 1,
        "fin_prdt_cd": "WR0001F",
        "intr_rate_type_nm": "단리",
        "save_trm": 12,
        "intr_rate": 2.55,
        "intr_rate2": 4.45
    }
},
{
    "model": "deposits.savingoptions",
    "pk": 5,
    "fields": {
        "product": 1,
        "fin_prdt_cd": "WR0001F",
        "intr_rate_type_nm": "단리",
        "save_trm": 24,
        "intr_rate": 2.6,
        "intr_rate2": 4.5
    }
},
{
    "model": "deposits.savingoptions",
    "pk": 6,
    "fields": {
        "product": 1,
        "fin_prdt_cd": "WR0001F",
        "intr_rate_type_nm": "단리",
        "save_trm": 36,
        "intr_rate": 2.65,
        "intr_rate2": 4.55
    }
},
{
    "model": "deposits.savingoptions",
    "pk": 7,
    "fields": {
        "product": 2,
        "fin_prdt_cd": "WR0001L",
        "intr_rate_type_nm": "단리",
        "save_trm": 12,
        "intr_rate": 4.0,
        "intr_rate2": 4.2
    }
},
{
    "model": "deposits.savingoptions",
    "pk": 8,
    "fields": {
        "product": 2,
        "fin_prdt_cd": "WR0001L",
        "intr_rate_type_nm": "단리",
        "save_trm": 12,
        "intr_rate": 4.0,
        "intr_rate2": 4.2
    }
},
{
    "model": "deposits.savingoptions",
    "pk": 9,
    "fields": {
        "product": 3,
        "fin_prdt_cd": "00266451",
        "intr_rate_type_nm": "단리",
        "save_trm": 36,
        "intr_rate": 3.45,
        "intr_rate2": 3.45
    }
},
{
    "model": "deposits.savingoptions",
    "pk": 10,
    "fields": {
        "product": 3,
        "fin_prdt_cd": "00266451",
        "intr_rate_type_nm": "단리",
        "save_trm": 24,
        "intr_rate": 3.4,
        "intr_rate2": 3.4
    }
},
{
    "model": "deposits.savingoptions",
    "pk": 11,
    "fields": {
        "product": 3,
        "fin_prdt_cd": "00266451",
        "intr_rate_type_nm": "단리",
        "save_trm": 12,
        "intr_rate": 3.35,
        "intr_rate2": 3.35
    }
},
{
    "model": "deposits.savingoptions",
    "pk": 12,
    "fields": {
        "product": 3,
        "fin_prdt_cd": "00266451",
        "intr_rate_type_nm": "단리",
        "save_trm": 6,
        "intr_rate": 3.1,
        "intr_rate2": 3.1
    }
},
{
    "model": "deposits.savingoptions",
    "pk": 13,
    "fields": {
        "product": 3,
        "fin_prdt_cd": "00266451",
        "intr_rate_type_nm": "단리",
        "save_trm": 36,
        "intr_rate": 3.6,
        "intr_rate2": 3.6
    }
},
{
    "model": "deposits.savingoptions",
    "pk": 14,
    "fields": {
        "product": 3,
        "fin_prdt_cd": "00266451",
        "intr_rate_type_nm": "단리",
        "save_trm": 24,
        "intr_rate": 3.55,
        "intr_rate2": 3.55
    }
},
{
    "model": "deposits.savingoptions",
    "pk": 15,
    "fields": {
        "product": 3,
        "fin_prdt_cd": "00266451",
        "intr_rate_type_nm": "단리",
        "save_trm": 12,
        "intr_rate": 3.5,
        "intr_rate2": 3.5
    }
},
{
    "model": "deposits.savingoptions",
    "pk": 16,
    "fields": {
        "product": 3,
        "fin_prdt_cd": "00266451",
        "intr_rate_type_nm": "단리",
        "save_trm": 6,
        "intr_rate": 3.2,
        "intr_rate2": 3.2
    }
},
{
    "model": "deposits.savingoptions",
    "pk": 17,
    "fields": {
        "product": 4,
        "fin_prdt_cd": "10521001000846001",
        "intr_rate_type_nm": "단리",
        "save_trm": 12,
        "intr_rate": 3.46,
        "intr_rate2": 4.01
    }
},
{
    "model": "deposits.savingoptions",
    "pk": 18,
    "fields": {
        "product": 4,
        "fin_prdt_cd": "10521001000846001",
        "intr_rate_type_nm": "단리",
        "save_trm": 24,
        "intr_rate": 3.48,
        "intr_rate2": 4.03
    }
},
{
    "model": "deposits.savingoptions",
    "pk": 19,
    "fields": {
        "product": 4,
        "fin_prdt_cd": "10521001000846001",
        "intr_rate_type_nm": "단리",
        "save_trm": 36,
        "intr_rate": 3.5,
        "intr_rate2": 4.05
    }
},
{
    "model": "deposits.savingoptions",
    "pk": 20,
    "fields": {
        "product": 5,
        "fin_prdt_cd": "10521001001177000",
        "intr_rate_type_nm": "단리",
        "save_trm": 36,
        "intr_rate": 3.5,
        "intr_rate2": 4.4
    }
},
{
    "model": "deposits.savingoptions",
    "pk": 21,
    "fields": {
        "product": 5,
        "fin_prdt_cd": "10521001001177000",
        "intr_rate_type_nm": "단리",
        "save_trm": 24,
        "intr_rate": 3.48,
        "intr_rate2": 4.38
    }
},
{
    "model": "deposits.savingoptions",
    "pk": 22,
    "fields": {
        "product": 5,
        "fin_prdt_cd": "10521001001177000",
        "intr_rate_type_nm": "단리",
        "save_trm": 12,
        "intr_rate": 3.46,
        "intr_rate2": 4.36
    }
},
{
    "model": "deposits.savingoptions",
    "pk": 23,
    "fields": {
        "product": 6,
        "fin_prdt_cd": "10527001000925000",
        "intr_rate_type_nm": "단리",
        "save_trm": 12,
        "intr_rate": 3.66,
        "intr_rate2": 4.21
    }
},
{
    "model": "deposits.savingoptions",
    "pk": 24,
    "fields": {
        "product": 7,
        "fin_prdt_cd": "10527001001272000",
        "intr_rate_type_nm": "단리",
        "save_trm": 6,
        "intr_rate": 3.05,
        "intr_rate2": 3.85
    }
},
{
    "model": "deposits.savingoptions",
    "pk": 25,
    "fields": {
        "product": 7,
        "fin_prdt_cd": "10527001001272000",
        "intr_rate_type_nm": "단리",
        "save_trm": 12,
        "intr_rate": 3.8,
        "intr_rate2": 4.6
    }
},
{
    "model": "deposits.savingoptions",
    "pk": 26,
    "fields": {
        "product": 8,
        "fin_prdt_cd": "10527001001278000",
        "intr_rate_type_nm": "단리",
        "save_trm": 6,
        "intr_rate": 2.75,
        "intr_rate2": 3.2
    }
},
{
    "model": "deposits.savingoptions",
    "pk": 27,
    "fields": {
        "product": 8,
        "fin_prdt_cd": "10527001001278000",
        "intr_rate_type_nm": "단리",
        "save_trm": 12,
        "intr_rate": 3.45,
        "intr_rate2": 3.9
    }
},
{
    "model": "deposits.savingoptions",
    "pk": 28,
    "fields": {
        "product": 8,
        "fin_prdt_cd": "10527001001278000",
        "intr_rate_type_nm": "단리",
        "save_trm": 24,
        "intr_rate": 3.5,
        "intr_rate2": 3.95
    }
},
{
    "model": "deposits.savingoptions",
    "pk": 29,
    "fields": {
        "product": 8,
        "fin_prdt_cd": "10527001001278000",
        "intr_rate_type_nm": "단리",
        "save_trm": 36,
        "intr_rate": 3.55,
        "intr_rate2": 4.0
    }
},
{
    "model": "deposits.savingoptions",
    "pk": 30,
    "fields": {
        "product": 9,
        "fin_prdt_cd": "01020400380001",
        "intr_rate_type_nm": "단리",
        "save_trm": 24,
        "intr_rate": 3.75,
        "intr_rate2": 5.65
    }
},
{
    "model": "deposits.savingoptions",
    "pk": 31,
    "fields": {
        "product": 9,
        "fin_prdt_cd": "01020400380001",
        "intr_rate_type_nm": "단리",
        "save_trm": 36,
        "intr_rate": 3.85,
        "intr_rate2": 5.75
    }
},
{
    "model": "deposits.savingoptions",
    "pk": 32,
    "fields": {
        "product": 10,
        "fin_prdt_cd": "01020400490001",
        "intr_rate_type_nm": "단리",
        "save_trm": 12,
        "intr_rate": 3.5,
        "intr_rate2": 4.4
    }
},
{
    "model": "deposits.savingoptions",
    "pk": 33,
    "fields": {
        "product": 10,
        "fin_prdt_cd": "01020400490001",
        "intr_rate_type_nm": "단리",
        "save_trm": 6,
        "intr_rate": 3.0,
        "intr_rate2": 3.55
    }
},
{
    "model": "deposits.savingoptions",
    "pk": 34,
    "fields": {
        "product": 11,
        "fin_prdt_cd": "01020400490002",
        "intr_rate_type_nm": "단리",
        "save_trm": 6,
        "intr_rate": 3.1,
        "intr_rate2": 3.65
    }
},
{
    "model": "deposits.savingoptions",
    "pk": 35,
    "fields": {
        "product": 11,
        "fin_prdt_cd": "01020400490002",
        "intr_rate_type_nm": "단리",
        "save_trm": 12,
        "intr_rate": 3.6,
        "intr_rate2": 4.5
    }
},
{
    "model": "deposits.savingoptions",
    "pk": 36,
    "fields": {
        "product": 12,
        "fin_prdt_cd": "01020400510001",
        "intr_rate_type_nm": "단리",
        "save_trm": 6,
        "intr_rate": 3.05,
        "intr_rate2": 3.45
    }
},
{
    "model": "deposits.savingoptions",
    "pk": 37,
    "fields": {
        "product": 12,
        "fin_prdt_cd": "01020400510001",
        "intr_rate_type_nm": "단리",
        "save_trm": 12,
        "intr_rate": 3.35,
        "intr_rate2": 3.75
    }
},
{
    "model": "deposits.savingoptions",
    "pk": 38,
    "fields": {
        "product": 12,
        "fin_prdt_cd": "01020400510001",
        "intr_rate_type_nm": "단리",
        "save_trm": 24,
        "intr_rate": 3.45,
        "intr_rate2": 3.85
    }
},
{
    "model": "deposits.savingoptions",
    "pk": 39,
    "fields": {
        "product": 12,
        "fin_prdt_cd": "01020400510001",
        "intr_rate_type_nm": "단리",
        "save_trm": 36,
        "intr_rate": 3.55,
        "intr_rate2": 3.95
    }
},
{
    "model": "deposits.savingoptions",
    "pk": 40,
    "fields": {
        "product": 13,
        "fin_prdt_cd": "01020400530001",
        "intr_rate_type_nm": "단리",
        "save_trm": 6,
        "intr_rate": 3.1,
        "intr_rate2": 3.3
    }
},
{
    "model": "deposits.savingoptions",
    "pk": 41,
    "fields": {
        "product": 13,
        "fin_prdt_cd": "01020400530001",
        "intr_rate_type_nm": "단리",
        "save_trm": 12,
        "intr_rate": 3.55,
        "intr_rate2": 3.75
    }
},
{
    "model": "deposits.savingoptions",
    "pk": 42,
    "fields": {
        "product": 13,
        "fin_prdt_cd": "01020400530001",
        "intr_rate_type_nm": "단리",
        "save_trm": 24,
        "intr_rate": 3.75,
        "intr_rate2": 3.95
    }
},
{
    "model": "deposits.savingoptions",
    "pk": 43,
    "fields": {
        "product": 13,
        "fin_prdt_cd": "01020400530001",
        "intr_rate_type_nm": "단리",
        "save_trm": 36,
        "intr_rate": 3.8,
        "intr_rate2": 4.0
    }
},
{
    "model": "deposits.savingoptions",
    "pk": 44,
    "fields": {
        "product": 14,
        "fin_prdt_cd": "01020400610001",
        "intr_rate_type_nm": "단리",
        "save_trm": 36,
        "intr_rate": 2.5,
        "intr_rate2": 9.0
    }
},
{
    "model": "deposits.savingoptions",
    "pk": 45,
    "fields": {
        "product": 14,
        "fin_prdt_cd": "01020400610001",
        "intr_rate_type_nm": "단리",
        "save_trm": 24,
        "intr_rate": 2.45,
        "intr_rate2": 8.95
    }
},
{
    "model": "deposits.savingoptions",
    "pk": 46,
    "fields": {
        "product": 14,
        "fin_prdt_cd": "01020400610001",
        "intr_rate_type_nm": "단리",
        "save_trm": 12,
        "intr_rate": 2.4,
        "intr_rate2": 8.9
    }
},
{
    "model": "deposits.savingoptions",
    "pk": 47,
    "fields": {
        "product": 15,
        "fin_prdt_cd": "01020400620001",
        "intr_rate_type_nm": "단리",
        "save_trm": 6,
        "intr_rate": 2.5,
        "intr_rate2": 5.5
    }
},
{
    "model": "deposits.savingoptions",
    "pk": 48,
    "fields": {
        "product": 16,
        "fin_prdt_cd": "TD11330028000",
        "intr_rate_type_nm": "단리",
        "save_trm": 12,
        "intr_rate": 3.5,
        "intr_rate2": 3.9
    }
},
{
    "model": "deposits.savingoptions",
    "pk": 49,
    "fields": {
        "product": 16,
        "fin_prdt_cd": "TD11330028000",
        "intr_rate_type_nm": "단리",
        "save_trm": 24,
        "intr_rate": 3.6,
        "intr_rate2": 4.0
    }
},
{
    "model": "deposits.savingoptions",
    "pk": 50,
    "fields": {
        "product": 16,
        "fin_prdt_cd": "TD11330028000",
        "intr_rate_type_nm": "단리",
        "save_trm": 12,
        "intr_rate": 3.3,
        "intr_rate2": 3.7
    }
},
{
    "model": "deposits.savingoptions",
    "pk": 51,
    "fields": {
        "product": 16,
        "fin_prdt_cd": "TD11330028000",
        "intr_rate_type_nm": "단리",
        "save_trm": 24,
        "intr_rate": 3.4,
        "intr_rate2": 3.8
    }
},
{
    "model": "deposits.savingoptions",
    "pk": 52,
    "fields": {
        "product": 17,
        "fin_prdt_cd": "TD11330029000",
        "intr_rate_type_nm": "단리",
        "save_trm": 36,
        "intr_rate": 3.3,
        "intr_rate2": 4.5
    }
},
{
    "model": "deposits.savingoptions",
    "pk": 53,
    "fields": {
        "product": 17,
        "fin_prdt_cd": "TD11330029000",
        "intr_rate_type_nm": "단리",
        "save_trm": 24,
        "intr_rate": 3.2,
        "intr_rate2": 4.4
    }
},
{
    "model": "deposits.savingoptions",
    "pk": 54,
    "fields": {
        "product": 17,
        "fin_prdt_cd": "TD11330029000",
        "intr_rate_type_nm": "단리",
        "save_trm": 12,
        "intr_rate": 3.1,
        "intr_rate2": 4.3
    }
},
{
    "model": "deposits.savingoptions",
    "pk": 55,
    "fields": {
        "product": 17,
        "fin_prdt_cd": "TD11330029000",
        "intr_rate_type_nm": "단리",
        "save_trm": 6,
        "intr_rate": 2.9,
        "intr_rate2": 4.1
    }
},
{
    "model": "deposits.savingoptions",
    "pk": 56,
    "fields": {
        "product": 17,
        "fin_prdt_cd": "TD11330029000",
        "intr_rate_type_nm": "단리",
        "save_trm": 36,
        "intr_rate": 3.5,
        "intr_rate2": 4.7
    }
},
{
    "model": "deposits.savingoptions",
    "pk": 57,
    "fields": {
        "product": 17,
        "fin_prdt_cd": "TD11330029000",
        "intr_rate_type_nm": "단리",
        "save_trm": 24,
        "intr_rate": 3.4,
        "intr_rate2": 4.6
    }
},
{
    "model": "deposits.savingoptions",
    "pk": 58,
    "fields": {
        "product": 17,
        "fin_prdt_cd": "TD11330029000",
        "intr_rate_type_nm": "단리",
        "save_trm": 12,
        "intr_rate": 3.3,
        "intr_rate2": 4.5
    }
},
{
    "model": "deposits.savingoptions",
    "pk": 59,
    "fields": {
        "product": 17,
        "fin_prdt_cd": "TD11330029000",
        "intr_rate_type_nm": "단리",
        "save_trm": 6,
        "intr_rate": 3.1,
        "intr_rate2": 4.3
    }
},
{
    "model": "deposits.savingoptions",
    "pk": 60,
    "fields": {
        "product": 18,
        "fin_prdt_cd": "TD11330030000",
        "intr_rate_type_nm": "단리",
        "save_trm": 12,
        "intr_rate": 3.2,
        "intr_rate2": 5.1
    }
},
{
    "model": "deposits.savingoptions",
    "pk": 61,
    "fields": {
        "product": 18,
        "fin_prdt_cd": "TD11330030000",
        "intr_rate_type_nm": "단리",
        "save_trm": 12,
        "intr_rate": 3.0,
        "intr_rate2": 4.9
    }
},
{
    "model": "deposits.savingoptions",
    "pk": 62,
    "fields": {
        "product": 19,
        "fin_prdt_cd": "TD11330031000",
        "intr_rate_type_nm": "단리",
        "save_trm": 12,
        "intr_rate": 3.6,
        "intr_rate2": 4.1
    }
},
{
    "model": "deposits.savingoptions",
    "pk": 63,
    "fields": {
        "product": 19,
        "fin_prdt_cd": "TD11330031000",
        "intr_rate_type_nm": "단리",
        "save_trm": 12,
        "intr_rate": 3.3,
        "intr_rate2": 3.8
    }
},
{
    "model": "deposits.savingoptions",
    "pk": 64,
    "fields": {
        "product": 20,
        "fin_prdt_cd": "TD11330032000",
        "intr_rate_type_nm": "단리",
        "save_trm": 12,
        "intr_rate": 3.2,
        "intr_rate2": 6.0
    }
},
{
    "model": "deposits.savingoptions",
    "pk": 65,
    "fields": {
        "product": 20,
        "fin_prdt_cd": "TD11330032000",
        "intr_rate_type_nm": "단리",
        "save_trm": 12,
        "intr_rate": 3.0,
        "intr_rate2": 5.8
    }
},
{
    "model": "deposits.savingoptions",
    "pk": 66,
    "fields": {
        "product": 21,
        "fin_prdt_cd": "220002101",
        "intr_rate_type_nm": "단리",
        "save_trm": 6,
        "intr_rate": 3.15,
        "intr_rate2": 5.25
    }
},
{
    "model": "deposits.savingoptions",
    "pk": 67,
    "fields": {
        "product": 21,
        "fin_prdt_cd": "220002101",
        "intr_rate_type_nm": "단리",
        "save_trm": 12,
        "intr_rate": 3.45,
        "intr_rate2": 5.55
    }
},
{
    "model": "deposits.savingoptions",
    "pk": 68,
    "fields": {
        "product": 22,
        "fin_prdt_cd": "220002301",
        "intr_rate_type_nm": "단리",
        "save_trm": 36,
        "intr_rate": 4.1,
        "intr_rate2": 5.6
    }
},
{
    "model": "deposits.savingoptions",
    "pk": 69,
    "fields": {
        "product": 22,
        "fin_prdt_cd": "220002301",
        "intr_rate_type_nm": "단리",
        "save_trm": 24,
        "intr_rate": 3.9,
        "intr_rate2": 5.4
    }
},
{
    "model": "deposits.savingoptions",
    "pk": 70,
    "fields": {
        "product": 22,
        "fin_prdt_cd": "220002301",
        "intr_rate_type_nm": "단리",
        "save_trm": 12,
        "intr_rate": 3.7,
        "intr_rate2": 5.2
    }
},
{
    "model": "deposits.savingoptions",
    "pk": 71,
    "fields": {
        "product": 22,
        "fin_prdt_cd": "220002301",
        "intr_rate_type_nm": "단리",
        "save_trm": 36,
        "intr_rate": 4.3,
        "intr_rate2": 5.8
    }
},
{
    "model": "deposits.savingoptions",
    "pk": 72,
    "fields": {
        "product": 22,
        "fin_prdt_cd": "220002301",
        "intr_rate_type_nm": "단리",
        "save_trm": 24,
        "intr_rate": 4.1,
        "intr_rate2": 5.6
    }
},
{
    "model": "deposits.savingoptions",
    "pk": 73,
    "fields": {
        "product": 22,
        "fin_prdt_cd": "220002301",
        "intr_rate_type_nm": "단리",
        "save_trm": 12,
        "intr_rate": 3.9,
        "intr_rate2": 5.4
    }
},
{
    "model": "deposits.savingoptions",
    "pk": 74,
    "fields": {
        "product": 23,
        "fin_prdt_cd": "220002501",
        "intr_rate_type_nm": "단리",
        "save_trm": 12,
        "intr_rate": 3.8,
        "intr_rate2": 5.4
    }
},
{
    "model": "deposits.savingoptions",
    "pk": 75,
    "fields": {
        "product": 23,
        "fin_prdt_cd": "220002501",
        "intr_rate_type_nm": "단리",
        "save_trm": 24,
        "intr_rate": 4.0,
        "intr_rate2": 5.6
    }
},
{
    "model": "deposits.savingoptions",
    "pk": 76,
    "fields": {
        "product": 24,
        "fin_prdt_cd": "220002701",
        "intr_rate_type_nm": "단리",
        "save_trm": 6,
        "intr_rate": 2.3,
        "intr_rate2": 5.0
    }
},
{
    "model": "deposits.savingoptions",
    "pk": 77,
    "fields": {
        "product": 24,
        "fin_prdt_cd": "220002701",
        "intr_rate_type_nm": "단리",
        "save_trm": 12,
        "intr_rate": 2.5,
        "intr_rate2": 5.2
    }
},
{
    "model": "deposits.savingoptions",
    "pk": 78,
    "fields": {
        "product": 25,
        "fin_prdt_cd": "10-01-30-031-0018-0000",
        "intr_rate_type_nm": "단리",
        "save_trm": 12,
        "intr_rate": 3.9,
        "intr_rate2": 4.0
    }
},
{
    "model": "deposits.savingoptions",
    "pk": 79,
    "fields": {
        "product": 25,
        "fin_prdt_cd": "10-01-30-031-0018-0000",
        "intr_rate_type_nm": "단리",
        "save_trm": 24,
        "intr_rate": 3.95,
        "intr_rate2": 4.05
    }
},
{
    "model": "deposits.savingoptions",
    "pk": 80,
    "fields": {
        "product": 25,
        "fin_prdt_cd": "10-01-30-031-0018-0000",
        "intr_rate_type_nm": "단리",
        "save_trm": 36,
        "intr_rate": 4.0,
        "intr_rate2": 4.1
    }
},
{
    "model": "deposits.savingoptions",
    "pk": 81,
    "fields": {
        "product": 26,
        "fin_prdt_cd": "10-01-30-031-0037-0000",
        "intr_rate_type_nm": "단리",
        "save_trm": 12,
        "intr_rate": 1.0,
        "intr_rate2": 5.5
    }
},
{
    "model": "deposits.savingoptions",
    "pk": 82,
    "fields": {
        "product": 27,
        "fin_prdt_cd": "21000111",
        "intr_rate_type_nm": "단리",
        "save_trm": 12,
        "intr_rate": 3.6,
        "intr_rate2": 4.6
    }
},
{
    "model": "deposits.savingoptions",
    "pk": 83,
    "fields": {
        "product": 27,
        "fin_prdt_cd": "21000111",
        "intr_rate_type_nm": "단리",
        "save_trm": 24,
        "intr_rate": 3.7,
        "intr_rate2": 4.7
    }
},
{
    "model": "deposits.savingoptions",
    "pk": 84,
    "fields": {
        "product": 27,
        "fin_prdt_cd": "21000111",
        "intr_rate_type_nm": "단리",
        "save_trm": 36,
        "intr_rate": 3.8,
        "intr_rate2": 4.8
    }
},
{
    "model": "deposits.savingoptions",
    "pk": 85,
    "fields": {
        "product": 28,
        "fin_prdt_cd": "21001116",
        "intr_rate_type_nm": "단리",
        "save_trm": 6,
        "intr_rate": 3.45,
        "intr_rate2": 4.15
    }
},
{
    "model": "deposits.savingoptions",
    "pk": 86,
    "fields": {
        "product": 28,
        "fin_prdt_cd": "21001116",
        "intr_rate_type_nm": "단리",
        "save_trm": 12,
        "intr_rate": 3.75,
        "intr_rate2": 4.45
    }
},
{
    "model": "deposits.savingoptions",
    "pk": 87,
    "fields": {
        "product": 28,
        "fin_prdt_cd": "21001116",
        "intr_rate_type_nm": "단리",
        "save_trm": 24,
        "intr_rate": 3.85,
        "intr_rate2": 4.55
    }
},
{
    "model": "deposits.savingoptions",
    "pk": 88,
    "fields": {
        "product": 29,
        "fin_prdt_cd": "21001199",
        "intr_rate_type_nm": "단리",
        "save_trm": 36,
        "intr_rate": null,
        "intr_rate2": 6.75
    }
},
{
    "model": "deposits.savingoptions",
    "pk": 89,
    "fields": {
        "product": 29,
        "fin_prdt_cd": "21001199",
        "intr_rate_type_nm": "단리",
        "save_trm": 24,
        "intr_rate": null,
        "intr_rate2": 6.65
    }
},
{
    "model": "deposits.savingoptions",
    "pk": 90,
    "fields": {
        "product": 29,
        "fin_prdt_cd": "21001199",
        "intr_rate_type_nm": "단리",
        "save_trm": 12,
        "intr_rate": null,
        "intr_rate2": 6.55
    }
},
{
    "model": "deposits.savingoptions",
    "pk": 91,
    "fields": {
        "product": 29,
        "fin_prdt_cd": "21001199",
        "intr_rate_type_nm": "단리",
        "save_trm": 6,
        "intr_rate": null,
        "intr_rate2": 6.25
    }
},
{
    "model": "deposits.savingoptions",
    "pk": 92,
    "fields": {
        "product": 29,
        "fin_prdt_cd": "21001199",
        "intr_rate_type_nm": "단리",
        "save_trm": 36,
        "intr_rate": 3.25,
        "intr_rate2": 6.75
    }
},
{
    "model": "deposits.savingoptions",
    "pk": 93,
    "fields": {
        "product": 29,
        "fin_prdt_cd": "21001199",
        "intr_rate_type_nm": "단리",
        "save_trm": 24,
        "intr_rate": 3.15,
        "intr_rate2": 6.65
    }
},
{
    "model": "deposits.savingoptions",
    "pk": 94,
    "fields": {
        "product": 29,
        "fin_prdt_cd": "21001199",
        "intr_rate_type_nm": "단리",
        "save_trm": 12,
        "intr_rate": 3.05,
        "intr_rate2": 6.55
    }
},
{
    "model": "deposits.savingoptions",
    "pk": 95,
    "fields": {
        "product": 29,
        "fin_prdt_cd": "21001199",
        "intr_rate_type_nm": "단리",
        "save_trm": 6,
        "intr_rate": 2.75,
        "intr_rate2": 6.25
    }
},
{
    "model": "deposits.savingoptions",
    "pk": 96,
    "fields": {
        "product": 30,
        "fin_prdt_cd": "21001236",
        "intr_rate_type_nm": "단리",
        "save_trm": 12,
        "intr_rate": 3.55,
        "intr_rate2": 5.15
    }
},
{
    "model": "deposits.savingoptions",
    "pk": 97,
    "fields": {
        "product": 30,
        "fin_prdt_cd": "21001236",
        "intr_rate_type_nm": "단리",
        "save_trm": 24,
        "intr_rate": 3.6,
        "intr_rate2": 5.2
    }
},
{
    "model": "deposits.savingoptions",
    "pk": 98,
    "fields": {
        "product": 30,
        "fin_prdt_cd": "21001236",
        "intr_rate_type_nm": "단리",
        "save_trm": 36,
        "intr_rate": 3.65,
        "intr_rate2": 5.25
    }
},
{
    "model": "deposits.savingoptions",
    "pk": 99,
    "fields": {
        "product": 31,
        "fin_prdt_cd": "21001259",
        "intr_rate_type_nm": "단리",
        "save_trm": 6,
        "intr_rate": 3.45,
        "intr_rate2": 5.7
    }
},
{
    "model": "deposits.savingoptions",
    "pk": 100,
    "fields": {
        "product": 32,
        "fin_prdt_cd": "01211210110",
        "intr_rate_type_nm": "단리",
        "save_trm": 12,
        "intr_rate": 3.0,
        "intr_rate2": 5.8
    }
},
{
    "model": "deposits.savingoptions",
    "pk": 101,
    "fields": {
        "product": 33,
        "fin_prdt_cd": "01211210113",
        "intr_rate_type_nm": "단리",
        "save_trm": 6,
        "intr_rate": 3.65,
        "intr_rate2": 5.15
    }
},
{
    "model": "deposits.savingoptions",
    "pk": 102,
    "fields": {
        "product": 33,
        "fin_prdt_cd": "01211210113",
        "intr_rate_type_nm": "단리",
        "save_trm": 12,
        "intr_rate": 3.85,
        "intr_rate2": 5.35
    }
},
{
    "model": "deposits.savingoptions",
    "pk": 103,
    "fields": {
        "product": 34,
        "fin_prdt_cd": "01211210121",
        "intr_rate_type_nm": "단리",
        "save_trm": 12,
        "intr_rate": 3.0,
        "intr_rate2": 7.0
    }
},
{
    "model": "deposits.savingoptions",
    "pk": 104,
    "fields": {
        "product": 35,
        "fin_prdt_cd": "01211210122",
        "intr_rate_type_nm": "단리",
        "save_trm": 12,
        "intr_rate": 3.5,
        "intr_rate2": 5.7
    }
},
{
    "model": "deposits.savingoptions",
    "pk": 105,
    "fields": {
        "product": 36,
        "fin_prdt_cd": "03010",
        "intr_rate_type_nm": "단리",
        "save_trm": 12,
        "intr_rate": 3.71,
        "intr_rate2": 3.81
    }
},
{
    "model": "deposits.savingoptions",
    "pk": 106,
    "fields": {
        "product": 36,
        "fin_prdt_cd": "03010",
        "intr_rate_type_nm": "단리",
        "save_trm": 24,
        "intr_rate": 3.81,
        "intr_rate2": 3.91
    }
},
{
    "model": "deposits.savingoptions",
    "pk": 107,
    "fields": {
        "product": 36,
        "fin_prdt_cd": "03010",
        "intr_rate_type_nm": "단리",
        "save_trm": 36,
        "intr_rate": 3.91,
        "intr_rate2": 4.01
    }
},
{
    "model": "deposits.savingoptions",
    "pk": 108,
    "fields": {
        "product": 37,
        "fin_prdt_cd": "03100",
        "intr_rate_type_nm": "단리",
        "save_trm": 6,
        "intr_rate": 2.5,
        "intr_rate2": 2.5
    }
},
{
    "model": "deposits.savingoptions",
    "pk": 109,
    "fields": {
        "product": 37,
        "fin_prdt_cd": "03100",
        "intr_rate_type_nm": "단리",
        "save_trm": 12,
        "intr_rate": 2.6,
        "intr_rate2": 2.6
    }
},
{
    "model": "deposits.savingoptions",
    "pk": 110,
    "fields": {
        "product": 37,
        "fin_prdt_cd": "03100",
        "intr_rate_type_nm": "단리",
        "save_trm": 24,
        "intr_rate": 2.7,
        "intr_rate2": 2.7
    }
},
{
    "model": "deposits.savingoptions",
    "pk": 111,
    "fields": {
        "product": 37,
        "fin_prdt_cd": "03100",
        "intr_rate_type_nm": "단리",
        "save_trm": 36,
        "intr_rate": 2.7,
        "intr_rate2": 2.7
    }
},
{
    "model": "deposits.savingoptions",
    "pk": 112,
    "fields": {
        "product": 38,
        "fin_prdt_cd": "03202",
        "intr_rate_type_nm": "복리",
        "save_trm": 12,
        "intr_rate": 3.82,
        "intr_rate2": 3.92
    }
},
{
    "model": "deposits.savingoptions",
    "pk": 113,
    "fields": {
        "product": 38,
        "fin_prdt_cd": "03202",
        "intr_rate_type_nm": "복리",
        "save_trm": 24,
        "intr_rate": 3.88,
        "intr_rate2": 3.98
    }
},
{
    "model": "deposits.savingoptions",
    "pk": 114,
    "fields": {
        "product": 38,
        "fin_prdt_cd": "03202",
        "intr_rate_type_nm": "복리",
        "save_trm": 36,
        "intr_rate": 4.06,
        "intr_rate2": 4.16
    }
},
{
    "model": "deposits.savingoptions",
    "pk": 115,
    "fields": {
        "product": 39,
        "fin_prdt_cd": "010200100051",
        "intr_rate_type_nm": "단리",
        "save_trm": 36,
        "intr_rate": 3.05,
        "intr_rate2": 4.25
    }
},
{
    "model": "deposits.savingoptions",
    "pk": 116,
    "fields": {
        "product": 39,
        "fin_prdt_cd": "010200100051",
        "intr_rate_type_nm": "단리",
        "save_trm": 24,
        "intr_rate": 2.95,
        "intr_rate2": 3.95
    }
},
{
    "model": "deposits.savingoptions",
    "pk": 117,
    "fields": {
        "product": 39,
        "fin_prdt_cd": "010200100051",
        "intr_rate_type_nm": "단리",
        "save_trm": 12,
        "intr_rate": 2.75,
        "intr_rate2": 3.65
    }
},
{
    "model": "deposits.savingoptions",
    "pk": 118,
    "fields": {
        "product": 40,
        "fin_prdt_cd": "010200100092",
        "intr_rate_type_nm": "단리",
        "save_trm": 12,
        "intr_rate": 3.0,
        "intr_rate2": 4.5
    }
},
{
    "model": "deposits.savingoptions",
    "pk": 119,
    "fields": {
        "product": 40,
        "fin_prdt_cd": "010200100092",
        "intr_rate_type_nm": "단리",
        "save_trm": 24,
        "intr_rate": 3.3,
        "intr_rate2": 4.8
    }
},
{
    "model": "deposits.savingoptions",
    "pk": 120,
    "fields": {
        "product": 40,
        "fin_prdt_cd": "010200100092",
        "intr_rate_type_nm": "단리",
        "save_trm": 36,
        "intr_rate": 3.5,
        "intr_rate2": 5.0
    }
},
{
    "model": "deposits.savingoptions",
    "pk": 121,
    "fields": {
        "product": 41,
        "fin_prdt_cd": "010200100104",
        "intr_rate_type_nm": "단리",
        "save_trm": 6,
        "intr_rate": 2.0,
        "intr_rate2": 6.0
    }
},
{
    "model": "deposits.savingoptions",
    "pk": 122,
    "fields": {
        "product": 42,
        "fin_prdt_cd": "230-0119-85",
        "intr_rate_type_nm": "단리",
        "save_trm": 12,
        "intr_rate": 3.0,
        "intr_rate2": 4.3
    }
},
{
    "model": "deposits.savingoptions",
    "pk": 123,
    "fields": {
        "product": 42,
        "fin_prdt_cd": "230-0119-85",
        "intr_rate_type_nm": "단리",
        "save_trm": 24,
        "intr_rate": 3.1,
        "intr_rate2": 4.4
    }
},
{
    "model": "deposits.savingoptions",
    "pk": 124,
    "fields": {
        "product": 42,
        "fin_prdt_cd": "230-0119-85",
        "intr_rate_type_nm": "단리",
        "save_trm": 36,
        "intr_rate": 3.2,
        "intr_rate2": 4.5
    }
},
{
    "model": "deposits.savingoptions",
    "pk": 125,
    "fields": {
        "product": 43,
        "fin_prdt_cd": "10-047-1360-0002",
        "intr_rate_type_nm": "단리",
        "save_trm": 6,
        "intr_rate": 3.0,
        "intr_rate2": 4.7
    }
},
{
    "model": "deposits.savingoptions",
    "pk": 126,
    "fields": {
        "product": 44,
        "fin_prdt_cd": "10-047-1365-0001",
        "intr_rate_type_nm": "복리",
        "save_trm": 24,
        "intr_rate": 3.15,
        "intr_rate2": 6.65
    }
},
{
    "model": "deposits.savingoptions",
    "pk": 127,
    "fields": {
        "product": 44,
        "fin_prdt_cd": "10-047-1365-0001",
        "intr_rate_type_nm": "복리",
        "save_trm": 12,
        "intr_rate": 3.1,
        "intr_rate2": 6.6
    }
},
{
    "model": "deposits.savingoptions",
    "pk": 128,
    "fields": {
        "product": 44,
        "fin_prdt_cd": "10-047-1365-0001",
        "intr_rate_type_nm": "복리",
        "save_trm": 6,
        "intr_rate": 3.0,
        "intr_rate2": 6.5
    }
},
{
    "model": "deposits.savingoptions",
    "pk": 129,
    "fields": {
        "product": 45,
        "fin_prdt_cd": "10-047-1381-0001",
        "intr_rate_type_nm": "단리",
        "save_trm": 12,
        "intr_rate": 3.1,
        "intr_rate2": 4.1
    }
},
{
    "model": "deposits.savingoptions",
    "pk": 130,
    "fields": {
        "product": 45,
        "fin_prdt_cd": "10-047-1381-0001",
        "intr_rate_type_nm": "단리",
        "save_trm": 24,
        "intr_rate": 3.15,
        "intr_rate2": 4.15
    }
},
{
    "model": "deposits.savingoptions",
    "pk": 131,
    "fields": {
        "product": 45,
        "fin_prdt_cd": "10-047-1381-0001",
        "intr_rate_type_nm": "단리",
        "save_trm": 36,
        "intr_rate": 3.4,
        "intr_rate2": 4.4
    }
},
{
    "model": "deposits.savingoptions",
    "pk": 132,
    "fields": {
        "product": 46,
        "fin_prdt_cd": "10-047-1387-0001",
        "intr_rate_type_nm": "단리",
        "save_trm": 12,
        "intr_rate": 3.4,
        "intr_rate2": 4.3
    }
},
{
    "model": "deposits.savingoptions",
    "pk": 133,
    "fields": {
        "product": 46,
        "fin_prdt_cd": "10-047-1387-0001",
        "intr_rate_type_nm": "단리",
        "save_trm": 24,
        "intr_rate": 3.45,
        "intr_rate2": 4.35
    }
},
{
    "model": "deposits.savingoptions",
    "pk": 134,
    "fields": {
        "product": 46,
        "fin_prdt_cd": "10-047-1387-0001",
        "intr_rate_type_nm": "단리",
        "save_trm": 36,
        "intr_rate": 3.7,
        "intr_rate2": 4.6
    }
},
{
    "model": "deposits.savingoptions",
    "pk": 135,
    "fields": {
        "product": 47,
        "fin_prdt_cd": "10-059-1264-0001",
        "intr_rate_type_nm": "복리",
        "save_trm": 12,
        "intr_rate": 3.7,
        "intr_rate2": 4.5
    }
},
{
    "model": "deposits.savingoptions",
    "pk": 136,
    "fields": {
        "product": 47,
        "fin_prdt_cd": "10-059-1264-0001",
        "intr_rate_type_nm": "복리",
        "save_trm": 24,
        "intr_rate": 3.32,
        "intr_rate2": 4.12
    }
},
{
    "model": "deposits.savingoptions",
    "pk": 137,
    "fields": {
        "product": 47,
        "fin_prdt_cd": "10-059-1264-0001",
        "intr_rate_type_nm": "복리",
        "save_trm": 36,
        "intr_rate": 3.42,
        "intr_rate2": 4.22
    }
},
{
    "model": "deposits.savingoptions",
    "pk": 138,
    "fields": {
        "product": 48,
        "fin_prdt_cd": "52",
        "intr_rate_type_nm": "복리",
        "save_trm": 36,
        "intr_rate": 3.75,
        "intr_rate2": 4.75
    }
},
{
    "model": "deposits.savingoptions",
    "pk": 139,
    "fields": {
        "product": 48,
        "fin_prdt_cd": "52",
        "intr_rate_type_nm": "복리",
        "save_trm": 24,
        "intr_rate": 3.65,
        "intr_rate2": 4.65
    }
},
{
    "model": "deposits.savingoptions",
    "pk": 140,
    "fields": {
        "product": 48,
        "fin_prdt_cd": "52",
        "intr_rate_type_nm": "복리",
        "save_trm": 12,
        "intr_rate": 3.55,
        "intr_rate2": 4.55
    }
},
{
    "model": "deposits.savingoptions",
    "pk": 141,
    "fields": {
        "product": 49,
        "fin_prdt_cd": "53",
        "intr_rate_type_nm": "단리",
        "save_trm": 6,
        "intr_rate": 3.2,
        "intr_rate2": 3.7
    }
},
{
    "model": "deposits.savingoptions",
    "pk": 142,
    "fields": {
        "product": 49,
        "fin_prdt_cd": "53",
        "intr_rate_type_nm": "단리",
        "save_trm": 12,
        "intr_rate": 3.3,
        "intr_rate2": 3.8
    }
},
{
    "model": "deposits.savingoptions",
    "pk": 143,
    "fields": {
        "product": 49,
        "fin_prdt_cd": "53",
        "intr_rate_type_nm": "단리",
        "save_trm": 24,
        "intr_rate": 3.45,
        "intr_rate2": 3.95
    }
},
{
    "model": "deposits.savingoptions",
    "pk": 144,
    "fields": {
        "product": 49,
        "fin_prdt_cd": "53",
        "intr_rate_type_nm": "단리",
        "save_trm": 36,
        "intr_rate": 3.55,
        "intr_rate2": 4.05
    }
},
{
    "model": "deposits.savingoptions",
    "pk": 145,
    "fields": {
        "product": 49,
        "fin_prdt_cd": "53",
        "intr_rate_type_nm": "단리",
        "save_trm": 6,
        "intr_rate": 3.15,
        "intr_rate2": 3.65
    }
},
{
    "model": "deposits.savingoptions",
    "pk": 146,
    "fields": {
        "product": 49,
        "fin_prdt_cd": "53",
        "intr_rate_type_nm": "단리",
        "save_trm": 12,
        "intr_rate": 3.25,
        "intr_rate2": 3.75
    }
},
{
    "model": "deposits.savingoptions",
    "pk": 147,
    "fields": {
        "product": 49,
        "fin_prdt_cd": "53",
        "intr_rate_type_nm": "단리",
        "save_trm": 24,
        "intr_rate": 3.35,
        "intr_rate2": 3.85
    }
},
{
    "model": "deposits.savingoptions",
    "pk": 148,
    "fields": {
        "product": 49,
        "fin_prdt_cd": "53",
        "intr_rate_type_nm": "단리",
        "save_trm": 36,
        "intr_rate": 3.45,
        "intr_rate2": 3.95
    }
},
{
    "model": "deposits.savingoptions",
    "pk": 149,
    "fields": {
        "product": 50,
        "fin_prdt_cd": "01012000200000000003",
        "intr_rate_type_nm": "단리",
        "save_trm": 36,
        "intr_rate": 4.4,
        "intr_rate2": 4.4
    }
},
{
    "model": "deposits.savingoptions",
    "pk": 150,
    "fields": {
        "product": 50,
        "fin_prdt_cd": "01012000200000000003",
        "intr_rate_type_nm": "단리",
        "save_trm": 24,
        "intr_rate": 4.35,
        "intr_rate2": 4.35
    }
},
{
    "model": "deposits.savingoptions",
    "pk": 151,
    "fields": {
        "product": 50,
        "fin_prdt_cd": "01012000200000000003",
        "intr_rate_type_nm": "단리",
        "save_trm": 12,
        "intr_rate": 4.3,
        "intr_rate2": 4.3
    }
},
{
    "model": "deposits.savingoptions",
    "pk": 152,
    "fields": {
        "product": 50,
        "fin_prdt_cd": "01012000200000000003",
        "intr_rate_type_nm": "단리",
        "save_trm": 6,
        "intr_rate": 3.6,
        "intr_rate2": 3.6
    }
},
{
    "model": "deposits.savingoptions",
    "pk": 153,
    "fields": {
        "product": 51,
        "fin_prdt_cd": "01012000210000000000",
        "intr_rate_type_nm": "단리",
        "save_trm": 6,
        "intr_rate": 3.5,
        "intr_rate2": 4.1
    }
},
{
    "model": "deposits.savingoptions",
    "pk": 154,
    "fields": {
        "product": 51,
        "fin_prdt_cd": "01012000210000000000",
        "intr_rate_type_nm": "단리",
        "save_trm": 12,
        "intr_rate": 4.2,
        "intr_rate2": 4.8
    }
},
{
    "model": "deposits.savingoptions",
    "pk": 155,
    "fields": {
        "product": 51,
        "fin_prdt_cd": "01012000210000000000",
        "intr_rate_type_nm": "단리",
        "save_trm": 24,
        "intr_rate": 4.25,
        "intr_rate2": 4.85
    }
},
{
    "model": "deposits.savingoptions",
    "pk": 156,
    "fields": {
        "product": 51,
        "fin_prdt_cd": "01012000210000000000",
        "intr_rate_type_nm": "단리",
        "save_trm": 36,
        "intr_rate": 4.3,
        "intr_rate2": 4.9
    }
},
{
    "model": "deposits.savingoptions",
    "pk": 157,
    "fields": {
        "product": 52,
        "fin_prdt_cd": "10140110400011",
        "intr_rate_type_nm": "단리",
        "save_trm": 12,
        "intr_rate": 2.6,
        "intr_rate2": 3.8
    }
},
{
    "model": "deposits.savingoptions",
    "pk": 158,
    "fields": {
        "product": 52,
        "fin_prdt_cd": "10140110400011",
        "intr_rate_type_nm": "단리",
        "save_trm": 24,
        "intr_rate": 2.7,
        "intr_rate2": 3.9
    }
},
{
    "model": "deposits.savingoptions",
    "pk": 159,
    "fields": {
        "product": 52,
        "fin_prdt_cd": "10140110400011",
        "intr_rate_type_nm": "단리",
        "save_trm": 36,
        "intr_rate": 2.8,
        "intr_rate2": 4.0
    }
},
{
    "model": "deposits.savingoptions",
    "pk": 160,
    "fields": {
        "product": 53,
        "fin_prdt_cd": "10140114300011",
        "intr_rate_type_nm": "단리",
        "save_trm": 36,
        "intr_rate": 3.3,
        "intr_rate2": 3.8
    }
},
{
    "model": "deposits.savingoptions",
    "pk": 161,
    "fields": {
        "product": 53,
        "fin_prdt_cd": "10140114300011",
        "intr_rate_type_nm": "단리",
        "save_trm": 24,
        "intr_rate": 3.0,
        "intr_rate2": 3.5
    }
},
{
    "model": "deposits.savingoptions",
    "pk": 162,
    "fields": {
        "product": 53,
        "fin_prdt_cd": "10140114300011",
        "intr_rate_type_nm": "단리",
        "save_trm": 12,
        "intr_rate": 3.5,
        "intr_rate2": 4.0
    }
},
{
    "model": "deposits.savingoptions",
    "pk": 163,
    "fields": {
        "product": 54,
        "fin_prdt_cd": "10140114700031",
        "intr_rate_type_nm": "단리",
        "save_trm": 6,
        "intr_rate": 2.8,
        "intr_rate2": 3.7
    }
},
{
    "model": "deposits.savingoptions",
    "pk": 164,
    "fields": {
        "product": 54,
        "fin_prdt_cd": "10140114700031",
        "intr_rate_type_nm": "단리",
        "save_trm": 12,
        "intr_rate": 2.9,
        "intr_rate2": 3.8
    }
},
{
    "model": "deposits.savingoptions",
    "pk": 165,
    "fields": {
        "product": 55,
        "fin_prdt_cd": "10141109800021",
        "intr_rate_type_nm": "복리",
        "save_trm": 12,
        "intr_rate": 2.2,
        "intr_rate2": 2.9
    }
},
{
    "model": "deposits.savingoptions",
    "pk": 166,
    "fields": {
        "product": 55,
        "fin_prdt_cd": "10141109800021",
        "intr_rate_type_nm": "복리",
        "save_trm": 24,
        "intr_rate": 1.8,
        "intr_rate2": 2.5
    }
},
{
    "model": "deposits.savingoptions",
    "pk": 167,
    "fields": {
        "product": 55,
        "fin_prdt_cd": "10141109800021",
        "intr_rate_type_nm": "복리",
        "save_trm": 36,
        "intr_rate": 1.9,
        "intr_rate2": 2.6
    }
},
{
    "model": "deposits.savingoptions",
    "pk": 168,
    "fields": {
        "product": 56,
        "fin_prdt_cd": "10141114300011",
        "intr_rate_type_nm": "단리",
        "save_trm": 12,
        "intr_rate": 3.15,
        "intr_rate2": 3.65
    }
},
{
    "model": "deposits.savingoptions",
    "pk": 169,
    "fields": {
        "product": 56,
        "fin_prdt_cd": "10141114300011",
        "intr_rate_type_nm": "단리",
        "save_trm": 24,
        "intr_rate": 2.35,
        "intr_rate2": 2.85
    }
},
{
    "model": "deposits.savingoptions",
    "pk": 170,
    "fields": {
        "product": 56,
        "fin_prdt_cd": "10141114300011",
        "intr_rate_type_nm": "단리",
        "save_trm": 36,
        "intr_rate": 2.35,
        "intr_rate2": 2.85
    }
},
{
    "model": "deposits.savingoptions",
    "pk": 171,
    "fields": {
        "product": 57,
        "fin_prdt_cd": "10141114700031",
        "intr_rate_type_nm": "단리",
        "save_trm": 6,
        "intr_rate": 2.8,
        "intr_rate2": 3.7
    }
},
{
    "model": "deposits.savingoptions",
    "pk": 172,
    "fields": {
        "product": 57,
        "fin_prdt_cd": "10141114700031",
        "intr_rate_type_nm": "단리",
        "save_trm": 12,
        "intr_rate": 2.9,
        "intr_rate2": 3.8
    }
},
{
    "model": "deposits.savingoptions",
    "pk": 173,
    "fields": {
        "product": 58,
        "fin_prdt_cd": "10141116600001",
        "intr_rate_type_nm": "단리",
        "save_trm": 12,
        "intr_rate": 3.0,
        "intr_rate2": 7.0
    }
},
{
    "model": "deposits.savingoptions",
    "pk": 174,
    "fields": {
        "product": 59,
        "fin_prdt_cd": "10-01-30-355-0002",
        "intr_rate_type_nm": "단리",
        "save_trm": 6,
        "intr_rate": 3.7,
        "intr_rate2": 3.9
    }
},
{
    "model": "deposits.savingoptions",
    "pk": 175,
    "fields": {
        "product": 59,
        "fin_prdt_cd": "10-01-30-355-0002",
        "intr_rate_type_nm": "단리",
        "save_trm": 12,
        "intr_rate": 4.0,
        "intr_rate2": 4.2
    }
},
{
    "model": "deposits.savingoptions",
    "pk": 176,
    "fields": {
        "product": 59,
        "fin_prdt_cd": "10-01-30-355-0002",
        "intr_rate_type_nm": "단리",
        "save_trm": 24,
        "intr_rate": 4.0,
        "intr_rate2": 4.2
    }
},
{
    "model": "deposits.savingoptions",
    "pk": 177,
    "fields": {
        "product": 59,
        "fin_prdt_cd": "10-01-30-355-0002",
        "intr_rate_type_nm": "단리",
        "save_trm": 36,
        "intr_rate": 4.0,
        "intr_rate2": 4.2
    }
},
{
    "model": "deposits.savingoptions",
    "pk": 178,
    "fields": {
        "product": 60,
        "fin_prdt_cd": "10-01-30-355-0005",
        "intr_rate_type_nm": "단리",
        "save_trm": 6,
        "intr_rate": 3.0,
        "intr_rate2": 6.0
    }
},
{
    "model": "deposits.savingoptions",
    "pk": 179,
    "fields": {
        "product": 61,
        "fin_prdt_cd": "1001303001001",
        "intr_rate_type_nm": "단리",
        "save_trm": 6,
        "intr_rate": 2.0,
        "intr_rate2": 4.5
    }
},
{
    "model": "deposits.savingoptions",
    "pk": 180,
    "fields": {
        "product": 62,
        "fin_prdt_cd": "1001303001003",
        "intr_rate_type_nm": "단리",
        "save_trm": 6,
        "intr_rate": 2.0,
        "intr_rate2": 5.0
    }
},
{
    "model": "deposits.savingoptions",
    "pk": 181,
    "fields": {
        "product": 63,
        "fin_prdt_cd": "1001303001004",
        "intr_rate_type_nm": "단리",
        "save_trm": 6,
        "intr_rate": 2.0,
        "intr_rate2": 4.0
    }
},
{
    "model": "deposits.savingoptions",
    "pk": 182,
    "fields": {
        "product": 63,
        "fin_prdt_cd": "1001303001004",
        "intr_rate_type_nm": "단리",
        "save_trm": 12,
        "intr_rate": 3.0,
        "intr_rate2": 5.0
    }
},
{
    "model": "deposits.savingoptions",
    "pk": 183,
    "fields": {
        "product": 63,
        "fin_prdt_cd": "1001303001004",
        "intr_rate_type_nm": "단리",
        "save_trm": 24,
        "intr_rate": 3.0,
        "intr_rate2": 5.0
    }
},
{
    "model": "deposits.savingoptions",
    "pk": 184,
    "fields": {
        "product": 63,
        "fin_prdt_cd": "1001303001004",
        "intr_rate_type_nm": "단리",
        "save_trm": 36,
        "intr_rate": 3.0,
        "intr_rate2": 5.0
    }
},
{
    "model": "deposits.savingoptions",
    "pk": 185,
    "fields": {
        "product": 64,
        "fin_prdt_cd": "1001303001005",
        "intr_rate_type_nm": "단리",
        "save_trm": 12,
        "intr_rate": 3.0,
        "intr_rate2": 5.5
    }
}
]
